M,K,Sorted Greedy,Random Search, Random Search with History 
5,10,1.00110295214,1.00179850754,1.00130168225
10,10,1.00169914248,1.02177088405,1.01779628176
15,10,1.00368644363,1.02589453393,1.02276453462
20,10,1.00716422063,1.04194199068,1.05207722652
25,10,1.009548982,1.03985532448,1.01973390038
30,10,1.01382167947,1.04869881457,1.03051500909
