M,K,Sorted Greedy,Random Search, Random Search with History 
10,5,1.00205098154,1.0079109288,1.00205098154
10,10,1.00205098154,1.01670084969,1.00498095517
10,15,1.00205098154,1.02842074421,1.02549077058
10,20,1.00498095517,1.0079109288,1.0079109288
10,25,1.00205098154,1.02256079695,1.01670084969
10,30,1.00205098154,1.02842074421,1.02842074421
