M,K,Sorted Greedy,Random Search, Random Search with History 
10,5,1.00477945926,1.01113882292,1.00477945926
10,10,1.00169914248,1.0374705631,1.01054263258
10,15,1.00140104731,1.02425501048,1.02117469371
10,20,1.00199723765,1.02266516957,1.01690199624
10,25,1.00140104731,1.01411977464,1.01064199764
10,30,1.00269279305,1.02922326335,1.02415564543
