M,K,Sorted Greedy,Random Search, Random Search with History 
10,5,1.59668314272,1.46664525544,1.47079220937
10,10,1.59137151237,1.4827213194,1.37497110367
10,15,1.58734808472,1.42469925761,1.47596266683
10,20,1.58371288256,1.49637979745,1.5091912381
10,25,1.58995978337,1.46579821805,1.38517084568
10,30,1.58272467226,1.56663096169,1.44963392102
