M,K,Sorted Greedy,Random Search, Random Search with History 
5,10,2.81051287852,2.76732055715,2.80075946094
10,10,5.32983227224,5.23684193517,5.24055198268
15,10,7.85928642989,7.79121610704,7.73637979511
20,10,10.3938467505,10.3209772808,10.2389813528
25,10,12.9292893385,12.833435672,12.7921662412
30,10,15.4642471641,15.3508127848,15.3089293217
